sample,TRB_cdr3,TRB_v_gene,TRB_j_gene,TRA_cdr3,TRA_v_gene,TRA_j_gene,Category_2,
101607-SEV,CATSGVGGEEQYF,TRBV15,TRBJ2-7,CASESNFGNEKLTF,TRAV17,TRAJ48,Preg_SEV,101607-SEV
101607-SEV,CASSLTDTQYF,TRBV11-2,TRBJ2-3,CAVDPNAGNNRKLIW,TRAV21,TRAJ38,Preg_SEV,101607-SEV
101607-SEV,CASSLGQAYEQYF,TRBV7-8,TRBJ2-7,CILPLAGGTSYGKLTF,TRAV26-2,TRAJ52,Preg_SEV,101607-SEV
101607-SEV,CASSLSSGVYNEQFF,TRBV7-2,TRBJ2-1,CAVNPSNDMRF,TRAV12-2,TRAJ43,Preg_SEV,101607-SEV
105199-ASX,CATSSISGETQYF,TRBV15,TRBJ2-5,CATEGNFGNEKLTF,TRAV17,TRAJ48,Preg_ASX,105199-ASX
105199-ASX,CATSKYAGEEQYF,TRBV15,TRBJ2-7,CATESNFGNEKLTF,TRAV17,TRAJ48,Preg_ASX,105199-ASX
105199-ASX,CASSLDPGQTDTQYF,TRBV12-3,TRBJ2-3,CALGDPLVF,TRAV6,TRAJ29,Preg_ASX,105199-ASX
105199-ASX,CASSIDRPNEQFF,TRBV19,TRBJ2-1,CALSEFGSSASKIIF,TRAV19,TRAJ3,Preg_ASX,105199-ASX
105199-ASX,CASSLSSGVYNEQFF,TRBV7-2,TRBJ2-1,CAVNPSNDMRF,TRAV12-2,TRAJ43,Preg_ASX,105199-ASX
105199-ASX,CASSASSGVQETQYF,TRBV6-1,TRBJ2-5,CAFAEGGYNKLIF,TRAV12-2,TRAJ4,Preg_ASX,105199-ASX
105199-ASX,CASSSLAGGYNEQFF,TRBV27,TRBJ2-1,CVVKPNGNKLVF,TRAV12-1,TRAJ47,Preg_ASX,105199-ASX
105199-ASX,CASSYGPETYEQYF,TRBV6-5,TRBJ2-7,CALNGQSGGGADGLTF,TRAV9-2,TRAJ45,Preg_ASX,105199-ASX
324058-ASX,CASRTGGNTEAFF,TRBV5-4,TRBJ1-1,CAVEAFSGGYQKVTF,TRAV2,TRAJ13,Preg_ASX,324058-ASX
324058-ASX,CASSSDRGNSNQPQHF,TRBV5-6,TRBJ1-5,CAVNGYSGYSTLTF,TRAV12-2,TRAJ11,Preg_ASX,324058-ASX
324058-ASX,CASSVENRASYNSPLHF,TRBV9,TRBJ1-6,CAVSEVNRDDKIIF,TRAV8-6,TRAJ30,Preg_ASX,324058-ASX
324058-ASX,CAISGASGQETQYF,TRBV10-3,TRBJ2-5,CAASTSSARQLTF,TRAV13-1,TRAJ22,Preg_ASX,324058-ASX
324058-ASX,CASSLPGGRTEAFF,TRBV27,TRBJ1-1,CAEIGGATNKLIF,TRAV13-2,TRAJ32,Preg_ASX,324058-ASX
324058-ASX,CASSPRKADENTDTQYF,TRBV4-1,TRBJ2-3,CAVSYVARLMF,TRAV12-2,TRAJ31,Preg_ASX,324058-ASX
324058-ASX,CASSFRGLNYGYTF,TRBV13,TRBJ1-2,CAMSADNYGQNFVF,TRAV12-3,TRAJ26,Preg_ASX,324058-ASX
324058-ASX,CASSLEQGAGETQYF,TRBV28,TRBJ2-5,CVVSAKARLMF,TRAV10,TRAJ31,Preg_ASX,324058-ASX
324058-ASX,CSVDSTGGAAYGYTF,TRBV29-1,TRBJ1-2,CAVRDYTGFGNVLHC,TRAV3,TRAJ35,Preg_ASX,324058-ASX
324058-ASX,CASSLDDRGRETQYF,TRBV7-7,TRBJ2-5,CAMRRISTGANNLFF,TRAV14/DV4,TRAJ36,Preg_ASX,324058-ASX
324058-ASX,CASSLYRDNNQPQHF,TRBV4-1,TRBJ1-5,CAVSEGGGGSQGNLIF,TRAV8-4,TRAJ42,Preg_ASX,324058-ASX
324058-ASX,CASSFGAESSYEQYF,TRBV7-2,TRBJ2-7,CALSEMNRDDKIIF,TRAV19,TRAJ30,Preg_ASX,324058-ASX
324058-ASX,CSAPPSGFPSGANVLTF,TRBV20-1,TRBJ2-6,CIVRVAVGAAGNKLTF,TRAV26-1,TRAJ17,Preg_ASX,324058-ASX
324058-ASX,CASSLRSTGTYGYTF,TRBV28,TRBJ1-2,CVVREGDTGRRALTF,TRAV12-1,TRAJ5,Preg_ASX,324058-ASX
324058-ASX,CASSLDDRGRETQYF,TRBV7-7,TRBJ2-5,CAAGRPETRGSNYKLTF,TRAV29/DV5,TRAJ53,Preg_ASX,324058-ASX
324058-ASX,CASTTTGVVSYNEQFF,TRBV27,TRBJ2-1,CAENNGYGGSQGNLIF,TRAV13-2,TRAJ42,Preg_ASX,324058-ASX
324058-ASX,CASSDTGRQPQHF,TRBV6-1,TRBJ1-5,CAARNRGSQGNLIF,TRAV29/DV5,TRAJ42,Preg_ASX,324058-ASX
324058-ASX,CASSLHTTDTQYF,TRBV5-1,TRBJ2-3,CAVTRTGGSYIPTF,TRAV21,TRAJ6,Preg_ASX,324058-ASX
324058-ASX,CASSPGGGTEAFF,TRBV10-1,TRBJ1-1,CALLYSGNTPLVF,TRAV19,TRAJ29,Preg_ASX,324058-ASX
324058-ASX,CASSWGLNTIYF,TRBV12-4,TRBJ1-3,CIVRVPLNNDMRF,TRAV26-1,TRAJ43,Preg_ASX,324058-ASX
644394-CTRL,CATSDLNQPQHF,TRBV24-1,TRBJ1-5,CAMSEGNDYKLSF,TRAV12-3,TRAJ20,Preg_CTRL,644394-CTRL
644394-CTRL,CSAVRDRVDGYTF,TRBV20-1,TRBJ1-2,CAESNNARLMF,TRAV5,TRAJ31,Preg_CTRL,644394-CTRL
644394-CTRL,CASSPPRTGPTEAFF,TRBV7-9,TRBJ1-1,CVVSSSTDSWGKLQF,TRAV8-2,TRAJ24,Preg_CTRL,644394-CTRL
644394-CTRL,CASSLTLASGTPYNEQFF,TRBV28,TRBJ2-1,CAIDFNKFYF,TRAV14/DV4,TRAJ21,Preg_CTRL,644394-CTRL
644394-CTRL,CASSPRPNEQFF,TRBV11-3,TRBJ2-1,CAVLTGTASKLTF,TRAV25,TRAJ44,Preg_CTRL,644394-CTRL
644394-CTRL,CAWSPPTNLWYF,TRBV30,TRBJ2-3,CAFMKRRADGLTF,TRAV38-1,TRAJ45,Preg_CTRL,644394-CTRL
644394-CTRL,CASSLEHAYDETQYF,TRBV11-3,TRBJ2-5,CAMRESGYALNF,TRAV14/DV4,TRAJ41,Preg_CTRL,644394-CTRL
644394-CTRL,CATDSGLYEQYF,TRBV7-9,TRBJ2-7,CAASAGSSNTGKLIF,TRAV29/DV5,TRAJ37,Preg_CTRL,644394-CTRL
644394-CTRL,CASSDGTGVNEQFF,TRBV9,TRBJ2-1,CAVQAAGSWGKLQF,TRAV20,TRAJ24,Preg_CTRL,644394-CTRL
705385-SEV,CASSKRRGSTEAFF,TRBV11-1,TRBJ1-1,CATAPSTRETSGSRLTF,TRAV17,TRAJ58,Preg_SEV,705385-SEV
705385-SEV,CSAARDRILNTEAFF,TRBV20-1,TRBJ1-1,CIVRVRGGYGGSQGNLIF,TRAV26-1,TRAJ42,Preg_SEV,705385-SEV
705385-SEV,CASSIVSGSGGVF,TRBV19,TRBJ2-1,CVVSENQGGKLIF,TRAV12-1,TRAJ23,Preg_SEV,705385-SEV
705385-SEV,CASSPYPRVGQPQHF,TRBV19,TRBJ1-5,CAYRSTDKLIF,TRAV38-2/DV8,TRAJ34,Preg_SEV,705385-SEV
705385-SEV,CASSLWQGHNEKLFF,TRBV7-8,TRBJ1-4,CAMRVLRNAGNMLTF,TRAV14/DV4,TRAJ39,Preg_SEV,705385-SEV
705385-SEV,CASSQEKLAGDTGELFF,TRBV3-1,TRBJ2-2,CAASMGNNDMRF,TRAV23/DV6,TRAJ43,Preg_SEV,705385-SEV
705385-SEV,CASSWGTEYGTSGGMTDTQYF,TRBV6-5,TRBJ2-3,CAVNTGFQKLVF,TRAV12-2,TRAJ8,Preg_SEV,705385-SEV
705385-SEV,CASSRDSSSYNEQFF,TRBV4-1,TRBJ2-1,CALSVSNQFYF,TRAV9-2,TRAJ49,Preg_SEV,705385-SEV
705385-SEV,CASSPYPRVGQPQHF,TRBV19,TRBJ1-5,CAFMRVDTGTASKLTF,TRAV38-1,TRAJ44,Preg_SEV,705385-SEV
705385-SEV,CASCDGDNSPLHF,TRBV19,TRBJ1-6,CAVREDDKIIF,TRAV1-2,TRAJ30,Preg_SEV,705385-SEV
705385-SEV,CASSLDRGRREQFF,TRBV7-2,TRBJ2-1,CAASDGSTLGRLYF,TRAV29/DV5,TRAJ18,Preg_SEV,705385-SEV
705385-SEV,CASSWGTEYGTSGGMTDTQYF,TRBV6-5,TRBJ2-3,CAVEDTGRRALTF,TRAV2,TRAJ5,Preg_SEV,705385-SEV
705385-SEV,CSARGLADEQYF,TRBV20-1,TRBJ2-7,CAEMGNDYKLSF,TRAV13-2,TRAJ20,Preg_SEV,705385-SEV
705385-SEV,CASSLTLTQVGTEAFF,TRBV5-4,TRBJ1-1,CAASTRDLGDKMRF,TRAV17,TRAJ43,Preg_SEV,705385-SEV
705385-SEV,CASSIVSGSEAFF,TRBV19,TRBJ1-1,CVVNEIYNQGGKLIF,TRAV12-1,TRAJ23,Preg_SEV,705385-SEV
729106-CTRL,CASSQDRNTIYF,TRBV14,TRBJ1-3,CAALLEGNTGKLIF,TRAV21,TRAJ37,Preg_CTRL,729106-CTRL
729106-CTRL,CASSQGLAGLQETQYF,TRBV27,TRBJ2-5,CALGANFGNEKLTF,TRAV19,TRAJ48,Preg_CTRL,729106-CTRL
729106-CTRL,CASSQETGGSYEQYF,TRBV4-3,TRBJ2-7,CAATLQGAQKLVF,TRAV29/DV5,TRAJ54,Preg_CTRL,729106-CTRL
729106-CTRL,CASSPNRNEQYF,TRBV14,TRBJ2-7,CLVGDHGSSNTGKLIF,TRAV4,TRAJ37,Preg_CTRL,729106-CTRL
729106-CTRL,CASSLGQGDEQYV,TRBV5-1,TRBJ2-7,CALSEARLLSSNTGKLIF,TRAV19,TRAJ37,Preg_CTRL,729106-CTRL
729106-CTRL,CASSEVSDRPNTEAFF,TRBV28,TRBJ1-1,CALETNSGGYQKVTF,TRAV19,TRAJ13,Preg_CTRL,729106-CTRL
729106-CTRL,CSAPSRDTSGSSWYNEQFF,TRBV20-1,TRBJ2-1,CAVRLIGNAGKSTF,TRAV21,TRAJ27,Preg_CTRL,729106-CTRL
729106-CTRL,CASSQSRDYEQYF,TRBV14,TRBJ2-7,CLVGGEGNTDKLIF,TRAV4,TRAJ34,Preg_CTRL,729106-CTRL
803763-ASX,CASSPHQGPSQAQHF,TRBV7-8,TRBJ1-5,CAVSVDSNYQLIW,TRAV8-6,TRAJ33,Preg_ASX,803763-ASX
803763-ASX,CASDSWTDPGETQYF,TRBV11-2,TRBJ2-5,CAASAHAGGTSYGKLTF,TRAV29/DV5,TRAJ52,Preg_ASX,803763-ASX
803763-ASX,CASTPNREKSGYTF,TRBV6-6,TRBJ1-2,CAEGGSGAGSYQLTF,TRAV13-2,TRAJ28,Preg_ASX,803763-ASX
803763-ASX,CASSPTGMYGYTF,TRBV3-1,TRBJ1-2,CAFMKGAPQGGSEKLVF,TRAV38-1,TRAJ57,Preg_ASX,803763-ASX
803763-ASX,CATSTGLGTEAFF,TRBV24-1,TRBJ1-1,CAVRDIEGGSYIPTF,TRAV3,TRAJ6,Preg_ASX,803763-ASX
803763-ASX,CATSDLTQGDEQYF,TRBV24-1,TRBJ2-7,CAAFSNTGKLIF,TRAV12-2,TRAJ37,Preg_ASX,803763-ASX
803763-ASX,CASSDSTGANVLTF,TRBV6-4,TRBJ2-6,CAVRDSNYQLIW,TRAV1-2,TRAJ33,Preg_ASX,803763-ASX
803763-ASX,CATSSPDAGSGTVPYEQYF,TRBV15,TRBJ2-7,CAVEDPKTSYDKVIF,TRAV12-2,TRAJ50,Preg_ASX,803763-ASX
915348-SEV,CASSLGDYEQYF,TRBV12-3,TRBJ2-7,CAVGDNNDMRF,TRAV21,TRAJ43,Preg_SEV,915348-SEV
915348-SEV,CASSQDPGAFYEQYF,TRBV3-1,TRBJ2-7,CALSGGGFKTIF,TRAV19,TRAJ9,Preg_SEV,915348-SEV
915348-SEV,CASRRDGLRSSYNSPLHF,TRBV6-6,TRBJ1-6,CAYRSAIVNSNYQLIW,TRAV38-2/DV8,TRAJ33,Preg_SEV,915348-SEV
915348-SEV,CASRPSTGGTDTQYF,TRBV11-1,TRBJ2-3,CALKAHGGRDDKIIF,TRAV19,TRAJ30,Preg_SEV,915348-SEV
915348-SEV,CASSVGGSSTDTQYF,TRBV9,TRBJ2-3,CVVSDRKGLTGGFKTIF,TRAV8-2,TRAJ9,Preg_SEV,915348-SEV
915348-SEV,CSARGTGSWRPQHF,TRBV20-1,TRBJ1-5,CILRDEGGADGLTF,TRAV26-2,TRAJ45,Preg_SEV,915348-SEV
915348-SEV,CASSRWGSKETQYF,TRBV7-2,TRBJ2-5,CAVGAQGNNRLAF,TRAV8-3,TRAJ7,Preg_SEV,915348-SEV
915348-SEV,CASSIGTLPLNIQYF,TRBV19,TRBJ2-4,CALSEAGGSTLGRLYF,TRAV19,TRAJ18,Preg_SEV,915348-SEV
915348-SEV,CASRAGRTEAFF,TRBV5-1,TRBJ1-1,CGADPGGYNKLIF,TRAV34,TRAJ4,Preg_SEV,915348-SEV
191,CASPGERGTDTQYF,TRBV5-5,TRBJ2-3,CAETIGFQKLVF,TRAV13-2,TRAJ8,NonPreg_ASX,C4-018
191,CASSLGQSTEAFF,TRBV12-3,TRBJ1-1,CAMREGMSYGKLTF,TRAV14DV4,TRAJ52,NonPreg_ASX,C4-018
191,CASRGTATDTQYF,TRBV2,TRBJ2-3,CAESEDSSYKLIF,TRAV5,TRAJ12,NonPreg_ASX,C4-018
191,CASSPVGQPYEQYF,TRBV7-9,TRBJ2-7,CAEIPYNQGGKLIF,TRAV5,TRAJ23,NonPreg_ASX,C4-018
191,CASSLTGESHEQYF,TRBV6-1,TRBJ2-7,CAVRDSNYQLIW,TRAV1-2,TRAJ33,NonPreg_ASX,C4-018
191,CASSAFRDSGEDEQFF,TRBV13,TRBJ2-1,CAGAITQGGSEKLVF,TRAV39,TRAJ57,NonPreg_ASX,C4-018
191,CAWSVGAGANVLTF,TRBV30,TRBJ2-6,CASGAGSYQLTF,TRAV36DV7,TRAJ28,NonPreg_ASX,C4-018
94,CASSLEGASSGANVLTF,TRBV5-6,TRBJ2-6,CAVPHSGGGADGLTF,TRAV12-2,TRAJ45,NonPreg_SEV,C4-021
94,CASSSANYGYTF,TRBV12-4,TRBJ1-2,CAGPMKTSYDKVIF,TRAV35,TRAJ50,NonPreg_SEV,C4-021
94,CASSLGVPYEQYF,TRBV5-6,TRBJ2-7,CAGYGVDSNYQLIW,TRAV29DV5,TRAJ33,NonPreg_SEV,C4-021
94,CASSIAGGLGEQFF,TRBV19,TRBJ2-1,CVAADMEYGNKLVF,TRAV12-1,TRAJ47,NonPreg_SEV,C4-021
94,CASSYSTGAVSPLHF,TRBV6-5,TRBJ1-6,CAVAFGNQFYF,TRAV8-3,TRAJ49,NonPreg_SEV,C4-021
94,CASSQLPGQGDNEQFF,TRBV14,TRBJ2-1,CAVRNTDKLIF,TRAV12-2,TRAJ34,NonPreg_SEV,C4-021
94,CASSLLAGVEETQYF,TRBV4-2,TRBJ2-5,CAVGGLSGGSNYKLTF,TRAV41,TRAJ53,NonPreg_SEV,C4-021
94,CASRDGTGEVRETQYF,TRBV10-2,TRBJ2-5,CAVRPFKDGQKLLF,TRAV8-6,TRAJ16,NonPreg_SEV,C4-021
94,CASSQENSGRRTQYF,TRBV4-2,TRBJ2-5,CVVTPGNQFYF,TRAV12-1,TRAJ49,NonPreg_SEV,C4-021
94,CASSLLGQGKGSWGTEAFF,TRBV28,TRBJ1-1,CAYIEGAQKLVF,TRAV38-2DV8,TRAJ54,NonPreg_SEV,C4-021
94,CSARELAGGPLETQYF,TRBV20-1,TRBJ2-5,CAVMDSNYQLIW,TRAV1-2,TRAJ33,NonPreg_SEV,C4-021
94,CASSPTSGSIYEQYF,TRBV3-1,TRBJ2-7,CAPPLEGGGADGLTF,TRAV9-2,TRAJ45,NonPreg_SEV,C4-021
94,CASSPDIMNTEAFF,TRBV5-6,TRBJ1-1,CAVPNSGGGADGLTF,TRAV22,TRAJ45,NonPreg_SEV,C4-021
94,CASSPDIMNTEAFF,TRBV5-6,TRBJ1-1,CALSDHYTGANSKLTF,TRAV16,TRAJ56,NonPreg_SEV,C4-021
94,CASSSGLAAYNEQFF,TRBV7-7,TRBJ2-1,CAVNVGGNQFYF,TRAV12-2,TRAJ49,NonPreg_SEV,C4-021
382,CASSYSRGSVTGELFF,TRBV6-5,TRBJ2-2,CAVKGGSGAGSYQLTF,TRAV21,TRAJ28,NonPreg_ASX,C4-057
382,CATSGVGGEEQYF,TRBV15,TRBJ2-7,CASESNFGNEKLTF,TRAV17,TRAJ48,NonPreg_ASX,C4-057
382,CSAGRAEIYEQYF,TRBV20-1,TRBJ2-7,CAAMDSNYQLIW,TRAV1-2,TRAJ33,NonPreg_ASX,C4-057
382,CASSSGSVNEQFF,TRBV27,TRBJ2-1,CATLNFGNEKLTF,TRAV17,TRAJ48,NonPreg_ASX,C4-057
382,CASSLEASLGNEQFF,TRBV11-1,TRBJ2-1,CALSEVNAGKSTF,TRAV19,TRAJ27,NonPreg_ASX,C4-057
382,CASSPGVFGTEAFF,TRBV6-5,TRBJ1-1,CAYRTPGNQFYF,TRAV38-2DV8,TRAJ49,NonPreg_ASX,C4-057
382,CASSARDSYVQTQYF,TRBV7-9,TRBJ2-5,CAVERHSGGGADGLTF,TRAV22,TRAJ45,NonPreg_ASX,C4-057
382,CASRKNYGQIEQFF,TRBV6-5,TRBJ2-1,CVVNRPAGSNTDKLIF,TRAV12-1,TRAJ34,NonPreg_ASX,C4-057
382,CASSYSRGSVTGELFF,TRBV6-5,TRBJ2-2,CAASMAGAGSYQLTF,TRAV13-1,TRAJ28,NonPreg_ASX,C4-057
382,CASPSIDNNEQFF,TRBV18,TRBJ2-1,CVADSSYKLIF,TRAV12-1,TRAJ12,NonPreg_ASX,C4-057
350,CSVVDTHYGYTF,TRBV29-1,TRBJ1-2,CAVSGPWAGSYQLTF,TRAV21,TRAJ28,NonPreg_SEV,C4-060
350,CASSQDRRGAFF,TRBV14,TRBJ1-1,CAYISPRSNTDKLIF,TRAV38-2DV8,TRAJ34,NonPreg_SEV,C4-060
350,CASSSSGESSYNEQFF,TRBV5-1,TRBJ2-1,CVVSGRGATNKLIF,TRAV10,TRAJ32,NonPreg_SEV,C4-060
350,CASSPRPEFTDTQYF,TRBV3-1,TRBJ2-3,CAVFSGNTPLVF,TRAV21,TRAJ29,NonPreg_SEV,C4-060
350,CSASVLFSSNQPQHF,TRBV20-1,TRBJ1-5,CAMREGSGGGADGLTF,TRAV14DV4,TRAJ45,NonPreg_SEV,C4-060
350,CASSYSPGRDEQFF,TRBV6-6,TRBJ2-1,CAVTNDYKLSF,TRAV12-2,TRAJ20,NonPreg_SEV,C4-060
350,CASSLWGPPGTEAFF,TRBV13,TRBJ1-1,CALTSDTNAGKSTF,TRAV19,TRAJ27,NonPreg_SEV,C4-060
350,CASSETANSPLHF,TRBV3-1,TRBJ1-6,CATDGGSGTYKYIF,TRAV17,TRAJ40,NonPreg_SEV,C4-060
350,CASTPTGGNTEAFF,TRBV6-6,TRBJ1-1,CATDASSGGGADGLTF,TRAV17,TRAJ45,NonPreg_SEV,C4-060
350,CASSWRFEAFF,TRBV19,TRBJ1-1,CAVYTGNQFYF,TRAV12-2,TRAJ49,NonPreg_SEV,C4-060
350,CASSAAPDRSPLHF,TRBV6-6,TRBJ1-6,CAVTFSGTYKYIF,TRAV21,TRAJ40,NonPreg_SEV,C4-060
350,CASSDSASGSDEQFF,TRBV6-1,TRBJ2-1,CAVMDSNYQLIW,TRAV1-2,TRAJ33,NonPreg_SEV,C4-060
350,CASSLERNEQFF,TRBV7-9,TRBJ2-1,CAVRDEYNTDKLIF,TRAV1-2,TRAJ34,NonPreg_SEV,C4-060
350,CASSHGSGANVLTF,TRBV4-1,TRBJ2-6,CAGDQGAQKLVF,TRAV29DV5,TRAJ54,NonPreg_SEV,C4-060
213,CASSPNPDFPPDTQYF,TRBV3-1,TRBJ2-3,CLVGDLGSARQLTF,TRAV4,TRAJ22,NonPreg_ASX,C4-078
213,CASSFLGLRNEQFF,TRBV12-4,TRBJ2-1,CAESIIRDDKIIF,TRAV5,TRAJ30,NonPreg_ASX,C4-078
213,CASSSTSASTDTQYF,TRBV19,TRBJ2-3,CAVSDNFNKFYF,TRAV12-2,TRAJ21,NonPreg_ASX,C4-078
213,CASSLAASGREGTQYF,TRBV11-1,TRBJ2-5,CAVNPYDSNYQLIW,TRAV22,TRAJ33,NonPreg_ASX,C4-078
213,CASSPGQGLYEAFF,TRBV5-1,TRBJ1-1,CAVEASYNQGGKLIF,TRAV2,TRAJ23,NonPreg_ASX,C4-078
100,CASSLYGVQNTEAFF,TRBV12-3,TRBJ1-1,CALSDIVRDFNKFYF,TRAV19,TRAJ21,NonPreg_ASX,C4-121
47,CASSFLAGAGGTDTQYF,TRBV7-9,TRBJ2-3,CAASGVDSNYQLIW,TRAV29DV5,TRAJ33,NonPreg_SEV,C4-141
47,CASSPARPGGLSYEQFF,TRBV7-9,TRBJ2-1,CAVREDYQLIW,TRAV36DV7,TRAJ33,NonPreg_SEV,C4-141
47,CASRTGTVGTDTQYF,TRBV27,TRBJ2-3,CLVGDGDYGQNFVF,TRAV4,TRAJ26,NonPreg_SEV,C4-141
47,CSVDSNYGYTF,TRBV29-1,TRBJ1-2,CAMTLSPDYKLSF,TRAV12-3,TRAJ20,NonPreg_SEV,C4-141
47,CASSPRFEDTQYF,TRBV18,TRBJ2-3,CALSDQFYF,TRAV16,TRAJ49,NonPreg_SEV,C4-141
47,CSTTSGSYEQYF,TRBV29-1,TRBJ2-7,CAVKTSYDKVIF,TRAV21,TRAJ50,NonPreg_SEV,C4-141
47,CASSLGNNEQYF,TRBV7-9,TRBJ2-7,CVVTRGGTASKLTF,TRAV12-1,TRAJ44,NonPreg_SEV,C4-141
47,CASSLGEKLFF,TRBV7-9,TRBJ1-4,CALSDQAGTALIF,TRAV9-2,TRAJ15,NonPreg_SEV,C4-141
47,CASSAVAGETQYF,TRBV7-7,TRBJ2-5,CAVNTDKLIF,TRAV38-2DV8,TRAJ34,NonPreg_SEV,C4-141
47,CSARDPQLDYEQYF,TRBV20-1,TRBJ2-7,CVVNGQGFGNVLHC,TRAV12-1,TRAJ35,NonPreg_SEV,C4-141
47,CASSGRLPNEEQFF,TRBV2,TRBJ2-1,CALSDPTGTASKLTF,TRAV9-2,TRAJ44,NonPreg_SEV,C4-141
47,CASGSTGLRNTGELFF,TRBV12-5,TRBJ2-2,CALSGGPSNDYKLSF,TRAV16,TRAJ20,NonPreg_SEV,C4-141
47,CASSYRPDANSGNTIYF,TRBV9,TRBJ1-3,CAESSYYAGGTSYGKLTF,TRAV13-2,TRAJ52,NonPreg_SEV,C4-141
47,CASSYHTGELFF,TRBV11-1,TRBJ2-2,CAVSPSGSARQLTF,TRAV3,TRAJ22,NonPreg_SEV,C4-141
47,CATSDPQGFPYEQYF,TRBV24-1,TRBJ2-7,CAVRGLGSGAGSYQLTF,TRAV22,TRAJ28,NonPreg_SEV,C4-141
47,CASSQEPGSVGELFF,TRBV4-3,TRBJ2-2,CAVVDSNYQLIW,TRAV1-2,TRAJ33,NonPreg_SEV,C4-141
47,CASSPTSGGVEGETQYF,TRBV18,TRBJ2-5,CAVSSAGKLIF,TRAV1-2,TRAJ37,NonPreg_SEV,C4-141
47,CASSHYSNQPQHF,TRBV12-3,TRBJ1-5,CAASSRTSSYKLIF,TRAV23DV6,TRAJ12,NonPreg_SEV,C4-141
47,CTSEPHSVPMVETQYF,TRBV20-1,TRBJ2-5,CAFMKRPYGGATNKLIF,TRAV38-1,TRAJ32,NonPreg_SEV,C4-141
47,CASSPGPNYEQYF,TRBV7-6,TRBJ2-7,CAASYNQGGKLIF,TRAV13-1,TRAJ23,NonPreg_SEV,C4-141
47,CASSHKIQGTHNEKLFF,TRBV4-1,TRBJ1-4,CAVELDNYGQNFVF,TRAV36DV7,TRAJ26,NonPreg_SEV,C4-141
47,CASSPRSREFLNEQFF,TRBV7-6,TRBJ2-1,CLVGDPMDSNYQLIW,TRAV4,TRAJ33,NonPreg_SEV,C4-141
47,CASSTGQGHTEAFF,TRBV7-9,TRBJ1-1,CALSEASSRTGNQFYF,TRAV19,TRAJ49,NonPreg_SEV,C4-141
47,CASSQALAGGRAYNEQFF,TRBV4-3,TRBJ2-1,CAARVGSTLGRLYF,TRAV13-1,TRAJ18,NonPreg_SEV,C4-141
47,CASIRTGNAYEQYF,TRBV27,TRBJ2-7,CALIERKSYGKLTF,TRAV9-2,TRAJ52,NonPreg_SEV,C4-141
47,CASSQEATSGRGKYF,TRBV4-1,TRBJ2-5,CAFMKRGTYKYIF,TRAV38-1,TRAJ40,NonPreg_SEV,C4-141
47,CASRDSGSVYLETQYF,TRBV27,TRBJ2-5,CAASIRGAQKLVF,TRAV13-1,TRAJ54,NonPreg_SEV,C4-141
47,CASSYSGGEVAKNIQYF,TRBV6-6,TRBJ2-4,CAASANFGNEKLTF,TRAV29DV5,TRAJ48,NonPreg_SEV,C4-141
47,CASSYRRTGELFF,TRBV7-3,TRBJ2-2,CMRGGSEKLVF,TRAV26-2,TRAJ57,NonPreg_SEV,C4-141
47,CASSFRTSGKDTQYF,TRBV6-6,TRBJ2-3,CAGPRMDSSYKLIF,TRAV27,TRAJ12,NonPreg_SEV,C4-141
47,CASSYDQAGQYF,TRBV6-6,TRBJ2-7,CAVSEAGANSKLTF,TRAV8-6,TRAJ56,NonPreg_SEV,C4-141
47,CATSDQAGGGTDTQYF,TRBV24-1,TRBJ2-3,CAVNISGGYQKVTF,TRAV8-1,TRAJ13,NonPreg_SEV,C4-141
47,CASSERFSGGNEQFF,TRBV2,TRBJ2-1,CALSEGQAGTALIF,TRAV9-2,TRAJ15,NonPreg_SEV,C4-141
47,CASSQDRDRGRPGELFF,TRBV4-3,TRBJ2-2,CVVAGGGADGLTF,TRAV12-1,TRAJ45,NonPreg_SEV,C4-141
47,CASSLLLAAASYEQYF,TRBV5-5,TRBJ2-7,CAVLTTDSWGKLQF,TRAV20,TRAJ24,NonPreg_SEV,C4-141
47,CASSPLAGGPSEQFF,TRBV6-5,TRBJ2-1,CAVSDLKRQAGTALIF,TRAV8-4,TRAJ15,NonPreg_SEV,C4-141
47,CASSTGLAGVPTTDTQYF,TRBV7-6,TRBJ2-3,CALSEAPRGNEKLTF,TRAV19,TRAJ48,NonPreg_SEV,C4-141
47,CASSLVRNEQYF,TRBV7-2,TRBJ2-7,CAMRENSGAGSYQLTF,TRAV14DV4,TRAJ28,NonPreg_SEV,C4-141
47,CASRTGSGEQYF,TRBV27,TRBJ2-7,CAAPPYSGAGSYQLTF,TRAV13-1,TRAJ28,NonPreg_SEV,C4-141
47,CSARVSGANVLTF,TRBV20-1,TRBJ2-6,CAVQGTSNTGKLIF,TRAV20,TRAJ37,NonPreg_SEV,C4-141
47,CATRPPWTGTVNTEAFF,TRBV5-8,TRBJ1-1,CAYLWSGAGSYQLTF,TRAV38-2DV8,TRAJ28,NonPreg_SEV,C4-141
47,CASSFLGGGYSYEQYF,TRBV27,TRBJ2-7,CAFMKEGNQFYF,TRAV38-1,TRAJ49,NonPreg_SEV,C4-141
47,CASSTSGSRETQYF,TRBV6-1,TRBJ2-5,CAVSDWGTSGSRLTF,TRAV8-4,TRAJ58,NonPreg_SEV,C4-141
47,CASSSSTSGRTDTQYF,TRBV7-9,TRBJ2-3,CVVSGSGQNFVF,TRAV8-2,TRAJ26,NonPreg_SEV,C4-141
47,CASELGTEAFF,TRBV4-1,TRBJ1-1,CAENAGNNRKLIW,TRAV5,TRAJ38,NonPreg_SEV,C4-141
47,CASSYTGIGEQFF,TRBV6-3,TRBJ2-1,CAVPPSPYKLSF,TRAV20,TRAJ20,NonPreg_SEV,C4-141
47,CASSTGTGGNEQFF,TRBV6-1,TRBJ2-1,CAASDSSYKLIF,TRAV1-2,TRAJ12,NonPreg_SEV,C4-141
47,CSVLTVYTGELFF,TRBV29-1,TRBJ2-2,CAVSSPFTNTGNQFYF,TRAV8-4,TRAJ49,NonPreg_SEV,C4-141
47,CSARGTGTNTEAFF,TRBV20-1,TRBJ1-1,CAVAPYSSASKIIF,TRAV8-3,TRAJ3,NonPreg_SEV,C4-141
47,CASRWTGANQPQHF,TRBV6-3,TRBJ1-5,CAMSAASGSARQLTF,TRAV12-3,TRAJ22,NonPreg_SEV,C4-141
47,CASSLTTAKNIQYF,TRBV5-1,TRBJ2-4,CVVSRMKTSYDKVIF,TRAV12-1,TRAJ50,NonPreg_SEV,C4-141
47,CASSFPTGGSSGNTIYF,TRBV9,TRBJ1-3,CAYNQGAQKLVF,TRAV38-2DV8,TRAJ54,NonPreg_SEV,C4-141
47,CASGYRGQFSYEQYF,TRBV12-3,TRBJ2-7,CALSGNTGKLIF,TRAV9-2,TRAJ37,NonPreg_SEV,C4-141
47,CASSPPGNTDTQYF,TRBV7-2,TRBJ2-3,CAVRGNQGGKLIF,TRAV2,TRAJ23,NonPreg_SEV,C4-141
47,CSASSAGTSYGEQYF,TRBV20-1,TRBJ2-7,CAVMDSNYQLIW,TRAV1-2,TRAJ33,NonPreg_SEV,C4-141
47,CASSQNQDSPLHF,TRBV5-1,TRBJ1-6,CAFMSGSSNTGKLIF,TRAV38-1,TRAJ37,NonPreg_SEV,C4-141
47,CASSQVVVSYNEQFF,TRBV4-3,TRBJ2-1,CAVRDGRSNFNKFYF,TRAV3,TRAJ21,NonPreg_SEV,C4-141
47,CASSYSSQNTGELFF,TRBV6-3,TRBJ2-2,CAVIDSNYQLIW,TRAV1-2,TRAJ33,NonPreg_SEV,C4-141
47,CASSSQRGGTYNEQFF,TRBV5-1,TRBJ2-1,CAFMKGYGNKLVF,TRAV38-1,TRAJ47,NonPreg_SEV,C4-141
47,CASRTGSNSPLHF,TRBV27,TRBJ1-6,CLVGDPMDSNYQLIW,TRAV4,TRAJ33,NonPreg_SEV,C4-141
47,CAWTAENTGELFF,TRBV30,TRBJ2-2,CAVYLNYGQNFVF,TRAV21,TRAJ26,NonPreg_SEV,C4-141
47,CASSLAASTEAFF,TRBV11-1,TRBJ1-1,CAAIGNAGGTSYGKLTF,TRAV13-1,TRAJ52,NonPreg_SEV,C4-141
47,CSASTTWNEQFF,TRBV20-1,TRBJ2-1,CAVQASRLAGTASKLTF,TRAV20,TRAJ44,NonPreg_SEV,C4-141
47,CASSYVQGRSFEQYF,TRBV7-9,TRBJ2-7,CAPSGGSNYKLTF,TRAV19,TRAJ53,NonPreg_SEV,C4-141
47,CASSLGSDEQYF,TRBV7-9,TRBJ2-7,CAVRGMNTGFQKLVF,TRAV3,TRAJ8,NonPreg_SEV,C4-141
47,CASRITGTLNTEAFF,TRBV4-1,TRBJ1-1,CLVGEVGNDMRF,TRAV4,TRAJ43,NonPreg_SEV,C4-141
47,CASSQDSLDRTYGYTF,TRBV4-1,TRBJ1-2,CALSETTSGTYKYIF,TRAV19,TRAJ40,NonPreg_SEV,C4-141
77,CASRGEGWSETQYF,TRBV2,TRBJ2-5,CVVRYNAGNNRKLIW,TRAV10,TRAJ38,NonPreg_ASX,C4-161
77,CASSALAGVYEQYF,TRBV5-6,TRBJ2-7,CAVEGNFGNEKLTF,TRAV12-2,TRAJ48,NonPreg_ASX,C4-161
77,CASSLETSTDTQYF,TRBV7-9,TRBJ2-3,CAASGGGPIIF,TRAV29DV5,TRAJ30,NonPreg_ASX,C4-161
77,CSARWTGATNEKLFF,TRBV20-1,TRBJ1-4,CAVRTFNKFYF,TRAV1-1,TRAJ21,NonPreg_ASX,C4-161
77,CASSPRLGEPQHF,TRBV12-4,TRBJ1-5,CAEKGFGNVLHC,TRAV13-2,TRAJ35,NonPreg_ASX,C4-161
77,CASIGTSGLPLRGSYNEQFF,TRBV7-9,TRBJ2-1,CAVPYSSASKIIF,TRAV1-2,TRAJ3,NonPreg_ASX,C4-161
77,CASSLAQAGGPEKLFF,TRBV7-8,TRBJ1-4,CAASGGTDKLIF,TRAV29DV5,TRAJ34,NonPreg_ASX,C4-161
77,CASSPTSGFSTDTQYF,TRBV2,TRBJ2-3,CALSEGYSTLTF,TRAV9-2,TRAJ11,NonPreg_ASX,C4-161
77,CASSRGIYEQYF,TRBV7-9,TRBJ2-7,CALSAMASGGSYIPTF,TRAV19,TRAJ6,NonPreg_ASX,C4-161
77,CASSIGKGYTETQYF,TRBV19,TRBJ2-5,CAMREGNAGGTSYGKLTF,TRAV14DV4,TRAJ52,NonPreg_ASX,C4-161
77,CASSPEVGTGELFF,TRBV7-8,TRBJ2-2,CAASYLQNEKLTF,TRAV29DV5,TRAJ48,NonPreg_ASX,C4-161
77,CASSSANYGYTF,TRBV12-4,TRBJ1-2,CAGPMKTSYDKVIF,TRAV35,TRAJ50,NonPreg_ASX,C4-161
77,CASSQRGAGMNEKLFF,TRBV9,TRBJ1-4,CATDRASGTYKYIF,TRAV17,TRAJ40,NonPreg_ASX,C4-161
77,CASSQDGEGSDTQYF,TRBV4-3,TRBJ2-3,CAVSKDSNTGNQFYF,TRAV41,TRAJ49,NonPreg_ASX,C4-161
77,CASRGEGWSETQYF,TRBV2,TRBJ2-5,CAMRAFISNFGNEKLTF,TRAV14DV4,TRAJ48,NonPreg_ASX,C4-161
77,CASSQDSSEAFF,TRBV18,TRBJ1-1,CLVGVSYNNNDMRF,TRAV4,TRAJ43,NonPreg_ASX,C4-161
77,CASSKRESTDTQYF,TRBV5-4,TRBJ2-3,CGTGVIIQGAQKLVF,TRAV30,TRAJ54,NonPreg_ASX,C4-161
1,CASSLGVSSSYEQYF,TRBV7-8,TRBJ2-7,CALSEGRETSGSRLTF,TRAV19,TRAJ58,NonPreg_ASX,C4-165
1,CASRAEQIGEKLFF,TRBV28,TRBJ1-4,CAVGGIAGGGADGLTF,TRAV8-3,TRAJ45,NonPreg_ASX,C4-165
1,CASSLPCKSVQPQHF,TRBV4-3,TRBJ1-5,CAETLNTGGFKTIF,TRAV5,TRAJ9,NonPreg_ASX,C4-165
1,CASSQFAGGYSYEQYF,TRBV4-3,TRBJ2-7,CAVIDNQGGKLIF,TRAV21,TRAJ23,NonPreg_ASX,C4-165
1,CASSPWNNEQFF,TRBV5-6,TRBJ2-1,CAVNKGNTPLVF,TRAV12-2,TRAJ29,NonPreg_ASX,C4-165
1,CASSGGFDNSPLHF,TRBV28,TRBJ1-6,CAVLKDAGGTSYGKLTF,TRAV12-2,TRAJ52,NonPreg_ASX,C4-165
1,CASSLAQPNTEAFF,TRBV7-8,TRBJ1-1,CAASDQGGGADGLTF,TRAV29DV5,TRAJ45,NonPreg_ASX,C4-165
1,CASSLRSRGVDNEQFF,TRBV7-2,TRBJ2-1,CALSEGPYNNNDMRF,TRAV19,TRAJ43,NonPreg_ASX,C4-165
1,CASTSAEPNTEAFF,TRBV6-3,TRBJ1-1,CALSDTGRRALTF,TRAV19,TRAJ5,NonPreg_ASX,C4-165
1,CSATGTVLNTEAFF,TRBV20-1,TRBJ1-1,CAMKGIYNQGGKLIF,TRAV14DV4,TRAJ23,NonPreg_ASX,C4-165
1,CATSSGTGLPEAFF,TRBV15,TRBJ1-1,CAVSDPKTSYDKVIF,TRAV8-6,TRAJ50,NonPreg_ASX,C4-165
1,CASSETAPTDTQYF,TRBV2,TRBJ2-3,CAMREVMNTGFQKLVF,TRAV14DV4,TRAJ8,NonPreg_ASX,C4-165
1,CASSPVDSDRFRDTIYF,TRBV5-6,TRBJ1-3,CAMEGVNFGNEKLTF,TRAV14DV4,TRAJ48,NonPreg_ASX,C4-165
1,CASSLDVYGNTIYF,TRBV7-2,TRBJ1-3,CAEKWASGTYKYIF,TRAV5,TRAJ40,NonPreg_ASX,C4-165
1,CASSQTGVSTEAFF,TRBV12-3,TRBJ1-1,CAESFDSWGKLQF,TRAV5,TRAJ24,NonPreg_ASX,C4-165
1,CASSAGTGIYNEQFF,TRBV7-9,TRBJ2-1,CVVSARMDSSYKLIF,TRAV10,TRAJ12,NonPreg_ASX,C4-165
321,CASSSGTATWGNEKLFF,TRBV13,TRBJ1-4,CAGQEYTDKLIF,TRAV35,TRAJ34,NonPreg_ASX,C4-204
321,CASSQGEGVNEQFF,TRBV4-3,TRBJ2-1,CVVNEETDKLIF,TRAV12-1,TRAJ34,NonPreg_ASX,C4-204
321,CASSYSSGGNNNEQFF,TRBV6-5,TRBJ2-1,CAGYRGQNFVF,TRAV13-1,TRAJ26,NonPreg_ASX,C4-204
321,CASSESWGVGYNEQFF,TRBV10-1,TRBJ2-1,CATLDNYGQNFVF,TRAV17,TRAJ26,NonPreg_ASX,C4-204
321,CASSGSSYNEQFF,TRBV10-1,TRBJ2-1,CALGPELQF,TRAV19,TRAJ24,NonPreg_ASX,C4-204
321,CATADRFSYNEQFF,TRBV24-1,TRBJ2-1,CAARWDSSGSARQLTF,TRAV23DV6,TRAJ22,NonPreg_ASX,C4-204
321,CASSLAGGAGTGELFF,TRBV5-6,TRBJ2-2,CAVRDPPQAGTALIF,TRAV1-2,TRAJ15,NonPreg_ASX,C4-204
321,CASSPPFRDRLEKLFF,TRBV13,TRBJ1-4,CAGQEYTDKLIF,TRAV35,TRAJ34,NonPreg_ASX,C4-204
321,CAASRTSWEGDTQYF,TRBV30,TRBJ2-3,CLSRRDSNYQLIW,TRAV4,TRAJ33,NonPreg_ASX,C4-204
321,CASSEGGDGNQPQHF,TRBV10-2,TRBJ1-5,CAATSNSGYALNF,TRAV29DV5,TRAJ41,NonPreg_ASX,C4-204
321,CASSLWTGLQETQYF,TRBV6-1,TRBJ2-5,CAFMYNNNDMRF,TRAV38-1,TRAJ43,NonPreg_ASX,C4-204
321,CASSYSINYGYTF,TRBV6-5,TRBJ1-2,CAAKGNRDDKIIF,TRAV13-1,TRAJ30,NonPreg_ASX,C4-204
321,CASKAGANVLTF,TRBV19,TRBJ2-6,CAYRSYVRGNQFYF,TRAV38-2DV8,TRAJ49,NonPreg_ASX,C4-204
321,CASRDSWDRNTEAFF,TRBV6-3,TRBJ1-1,CAARLDTGRRALTF,TRAV13-1,TRAJ5,NonPreg_ASX,C4-204
321,CASSQDNARNQPQHF,TRBV4-3,TRBJ1-5,CLVVGMDSSYKLIF,TRAV4,TRAJ12,NonPreg_ASX,C4-204
223,CASSFGGMNTEAFF,TRBV5-6,TRBJ1-1,CAVDPSGGNYQLIW,TRAV21,TRAJ33,NonPreg_ASX,C4-251
223,CASSPTSAGEQYF,TRBV27,TRBJ2-7,CASHSGSARQLTF,TRAV24,TRAJ22,NonPreg_ASX,C4-251
223,CASSNDPGRRGGELFF,TRBV11-1,TRBJ2-2,CAFAEYGNKLVF,TRAV38-1,TRAJ47,NonPreg_ASX,C4-251
223,CSARDFRILAKNIQYF,TRBV20-1,TRBJ2-4,CAVRDRFNGGYQKVTF,TRAV1-2,TRAJ13,NonPreg_ASX,C4-251
223,CASSLGDNEQFF,TRBV7-2,TRBJ2-1,CALDVNSGYALNF,TRAV38-1,TRAJ41,NonPreg_ASX,C4-251
223,CASSISGELFF,TRBV19,TRBJ2-2,CAVLSDNYGQNFVF,TRAV20,TRAJ26,NonPreg_ASX,C4-251
223,CASSFGGMNTEAFF,TRBV5-6,TRBJ1-1,CIPPAGRALIF,TRAV26-2,TRAJ15,NonPreg_ASX,C4-251
223,CASSVQGGSYNEQFF,TRBV27,TRBJ2-1,CAASAVWGGTSYGKLTF,TRAV29DV5,TRAJ52,NonPreg_ASX,C4-251
223,CASSTGGDGYTF,TRBV6-5,TRBJ1-2,CADISGYSTLTF,TRAV5,TRAJ11,NonPreg_ASX,C4-251
223,CASSYGLAGESAGLYEQYF,TRBV6-5,TRBJ2-7,CAVVDDYKLSF,TRAV2,TRAJ20,NonPreg_ASX,C4-251
223,CASSEAEQGDDGYTF,TRBV2,TRBJ1-2,CAMRERSYNFNKFYF,TRAV14DV4,TRAJ21,NonPreg_ASX,C4-251
223,CASSSTGAGEQYF,TRBV27,TRBJ2-7,CAAFSGSARQLTF,TRAV24,TRAJ22,NonPreg_ASX,C4-251
223,CASSGIVTDTQYF,TRBV19,TRBJ2-3,CAELYTDKLIF,TRAV13-2,TRAJ34,NonPreg_ASX,C4-251
223,CASSQSRQGARTDTQYF,TRBV16,TRBJ2-3,CALSEAWDSNYQLIW,TRAV19,TRAJ33,NonPreg_ASX,C4-251
223,CASSRTATDTQYF,TRBV27,TRBJ2-3,CAAHGDSGGYQKVTF,TRAV13-1,TRAJ13,NonPreg_ASX,C4-251
223,CASSFGGGNTEAFF,TRBV5-6,TRBJ1-1,CAVRPLYSQAGTALIF,TRAV21,TRAJ15,NonPreg_ASX,C4-251
31,CSTYWDNSDTQYF,TRBV20-1,TRBJ2-3,CAMRETNTGFQKLVF,TRAV14DV4,TRAJ8,NonPreg_SEV,C4-275
31,CAWRNDGIYNEQFF,TRBV30,TRBJ2-1,CALSGNMLTF,TRAV24,TRAJ39,NonPreg_SEV,C4-275
31,CASSLDPTFSYEQYF,TRBV11-1,TRBJ2-7,CAVGDNTNAGKSTF,TRAV8-3,TRAJ27,NonPreg_SEV,C4-275
31,CASSLDPTFTYEQYF,TRBV11-1,TRBJ2-7,CAVGDNTNAGKSTF,TRAV8-3,TRAJ27,NonPreg_SEV,C4-275
31,CASSEVGQMNTEAFF,TRBV2,TRBJ1-1,CAVTLGVGGGADGLTF,TRAV12-2,TRAJ45,NonPreg_SEV,C4-275
31,CASSLVVTSGSYGTDTQYF,TRBV5-1,TRBJ2-3,CALRPGGSYIPTF,TRAV19,TRAJ6,NonPreg_SEV,C4-275
31,CASSLGQQNEQFF,TRBV12-4,TRBJ2-1,CAVENTGNQFYF,TRAV21,TRAJ49,NonPreg_SEV,C4-275
31,CASSQERNGWLETQYF,TRBV3-1,TRBJ2-5,CAESINYGQNFVF,TRAV5,TRAJ26,NonPreg_SEV,C4-275
31,CASSLDPTSSYEQYF,TRBV11-1,TRBJ2-7,CAVGDNTNAGKSTF,TRAV8-3,TRAJ27,NonPreg_SEV,C4-275
31,CASSPETAYEQYF,TRBV3-1,TRBJ2-7,CAFMKGGSQGNLIF,TRAV38-1,TRAJ42,NonPreg_SEV,C4-275
31,CASSQDLGHIYEQYF,TRBV4-1,TRBJ2-7,CAYRIPTGANSKLTF,TRAV38-2DV8,TRAJ56,NonPreg_SEV,C4-275
31,CASSPETAYEQYF,TRBV3-1,TRBJ2-7,CAEEDTGANSKLTF,TRAV27,TRAJ56,NonPreg_SEV,C4-275
31,CASSPGLGEQYF,TRBV2,TRBJ2-7,CAVEGSGGGADGLTF,TRAV21,TRAJ45,NonPreg_SEV,C4-275
78,CATSRSAGEEQYF,TRBV15,TRBJ2-7,CATEGNFGNEKLTF,TRAV17,TRAJ48,NonPreg_SEV,C4-301
78,CASSWDRELWRTEAFF,TRBV5-6,TRBJ1-1,CAVETPRISNFGNEKLTF,TRAV36DV7,TRAJ48,NonPreg_SEV,C4-301
78,CAISEAGVGTEAFF,TRBV10-3,TRBJ1-1,CAMREGLGDYKLSF,TRAV14DV4,TRAJ20,NonPreg_SEV,C4-301
78,CASSTSGGVAKNIQYF,TRBV14,TRBJ2-4,CAGKTSYDKVIF,TRAV25,TRAJ50,NonPreg_SEV,C4-301
78,CASSPSWKEDTQYF,TRBV5-8,TRBJ2-3,CAMSEASNTGKLIF,TRAV12-3,TRAJ37,NonPreg_SEV,C4-301
78,CASSQDLRSFNYGYTF,TRBV4-2,TRBJ1-2,CAALEGASPVNTYNTDKLIF,TRAV21,TRAJ34,NonPreg_SEV,C4-301
78,CASSLTWKVAVGANVLTF,TRBV10-2,TRBJ2-6,CAVDPLNNAGNMLTF,TRAV39,TRAJ39,NonPreg_SEV,C4-301
78,CASSLLSTEIAVGTIYF,TRBV5-5,TRBJ1-3,CATDARSGAGSYQLTF,TRAV17,TRAJ28,NonPreg_SEV,C4-301
78,CASSSRGRNNQPQHF,TRBV4-1,TRBJ1-5,CAVTDSSGGSYIPTF,TRAV8-4,TRAJ6,NonPreg_SEV,C4-301
78,CASSEGQGNSPLHF,TRBV9,TRBJ1-6,CALSDHNYGQNFVF,TRAV19,TRAJ26,NonPreg_SEV,C4-301
78,CASRARGANTEAFF,TRBV2,TRBJ1-1,CAYRSFLMDSNYQLIW,TRAV38-2DV8,TRAJ33,NonPreg_SEV,C4-301
78,CASSLDSFQETQYF,TRBV3-1,TRBJ2-5,CAYIRGAQKLVF,TRAV38-2DV8,TRAJ54,NonPreg_SEV,C4-301
325,CASSLIQGGGNEQFF,TRBV7-3,TRBJ2-1,CAFGTYKYIF,TRAV24,TRAJ40,NonPreg_ASX,C4-332
325,CAWIWGENTEAFF,TRBV30,TRBJ1-1,CAVISYNTDKLIF,TRAV8-1,TRAJ34,NonPreg_ASX,C4-332
325,CAWIWGENTEAFF,TRBV30,TRBJ1-1,CAAIRGKFYF,TRAV23DV6,TRAJ21,NonPreg_ASX,C4-332
325,CASSPRDRGTEAFF,TRBV4-2,TRBJ1-1,CAVTPLLGSTGNQFYF,TRAV12-2,TRAJ49,NonPreg_ASX,C4-332
325,CASTEPGGNQPQHF,TRBV12-3,TRBJ1-5,CAVGAHKARLMF,TRAV8-3,TRAJ31,NonPreg_ASX,C4-332
325,CASSYSEASEQFF,TRBV7-3,TRBJ2-1,CAVGAGGSNDYKLSF,TRAV8-3,TRAJ20,NonPreg_ASX,C4-332
325,CATSRGKGARGTEGQFF,TRBV15,TRBJ2-1,CAVRYSGAGSYQLTF,TRAV1-2,TRAJ28,NonPreg_ASX,C4-332
325,CASSRTTGSEQYF,TRBV5-5,TRBJ2-7,CAVGAGNQGGKLIF,TRAV8-3,TRAJ23,NonPreg_ASX,C4-332
325,CATSDLNSGEELFF,TRBV24-1,TRBJ2-2,CAAEEDQAGTALIF,TRAV12-2,TRAJ15,NonPreg_ASX,C4-332
325,CASSYIAGNTDTQYF,TRBV7-9,TRBJ2-3,CARRGAQKLVF,TRAV24,TRAJ54,NonPreg_ASX,C4-332
325,CASGTGGAGYTF,TRBV19,TRBJ1-2,CAMRSYGQNFVF,TRAV12-3,TRAJ26,NonPreg_ASX,C4-332
325,CATSRGQGAREQYF,TRBV15,TRBJ2-7,CAVRLNSGGYQKVTF,TRAV1-2,TRAJ13,NonPreg_ASX,C4-332
325,CASSPSTGVRNSPLHF,TRBV7-9,TRBJ1-6,CAFRTGNQFYF,TRAV24,TRAJ49,NonPreg_ASX,C4-332
325,CASSLIQGGGNEQFF,TRBV7-3,TRBJ2-1,CAPRERAGNMLTF,TRAV16,TRAJ39,NonPreg_ASX,C4-332
325,CASSEAGTGGALSREQYF,TRBV5-1,TRBJ2-7,CAVNLFSSASKIIF,TRAV12-2,TRAJ3,NonPreg_ASX,C4-332
325,CASSEGAGETQYF,TRBV6-1,TRBJ2-5,CATDPRLLNSGGYQKVTF,TRAV17,TRAJ13,NonPreg_ASX,C4-332
50,CASRGGATNEQFF,TRBV7-9,TRBJ2-1,CAAPFNNDMRF,TRAV21,TRAJ43,NonPreg_ASX,C4-356
50,CASSEAGPNTGELFF,TRBV2,TRBJ2-2,CATDALRGGSEKLVF,TRAV17,TRAJ57,NonPreg_ASX,C4-356
50,CASSFWRGLLTDTQYF,TRBV12-4,TRBJ2-3,CAVRAPWGGGADGLTF,TRAV3,TRAJ45,NonPreg_ASX,C4-356
50,CASSWTGGQLLEYEQYF,TRBV5-6,TRBJ2-7,CATDASGGSYIPTF,TRAV17,TRAJ6,NonPreg_ASX,C4-356
50,CSARGGQPLNTEAFF,TRBV20-1,TRBJ1-1,CAMRGVRRDDKIIF,TRAV14DV4,TRAJ30,NonPreg_ASX,C4-356
50,CASSFLSGGSLLEQYF,TRBV7-6,TRBJ2-7,CAVSAPNSGGSNYKLTF,TRAV8-6,TRAJ53,NonPreg_ASX,C4-356
50,CASSQGAGYEAFF,TRBV4-1,TRBJ1-1,CAVAQPYNTDKLIF,TRAV39,TRAJ34,NonPreg_ASX,C4-356
50,CASSRNRDGAYEQYF,TRBV19,TRBJ2-7,CAMREPATNTGNQFYF,TRAV14DV4,TRAJ49,NonPreg_ASX,C4-356
50,CASSFWGGTMNTGELFF,TRBV27,TRBJ2-2,CAFTPYNTDKLIF,TRAV24,TRAJ34,NonPreg_ASX,C4-356
50,CASSLAIRNTEAFF,TRBV7-6,TRBJ1-1,CALRPSMDTGRRALTF,TRAV27,TRAJ5,NonPreg_ASX,C4-356
50,CASSLVAGEVQKLFF,TRBV5-5,TRBJ1-4,CAVEGNTGKLIF,TRAV8-3,TRAJ37,NonPreg_ASX,C4-356
50,CATSDPGTGTTGELFF,TRBV24-1,TRBJ2-2,CAVSNNQAGTALIF,TRAV8-4,TRAJ15,NonPreg_ASX,C4-356
50,CSAPTSGGGDTIYF,TRBV20-1,TRBJ1-3,CAVRDRWGDSSYKLIF,TRAV3,TRAJ12,NonPreg_ASX,C4-356
50,CSAATGRGDSEQYF,TRBV20-1,TRBJ2-7,CAEVGAAGNKLTF,TRAV13-2,TRAJ17,NonPreg_ASX,C4-356
50,CASSPETGRRDEKLFF,TRBV4-2,TRBJ1-4,CVVSLFFGNEKLTF,TRAV8-2,TRAJ48,NonPreg_ASX,C4-356
50,CASSERQDGTNEKLFF,TRBV2,TRBJ1-4,CAFPGGGADGLTF,TRAV24,TRAJ45,NonPreg_ASX,C4-356
50,CASSLGQGIFYTF,TRBV5-1,TRBJ1-2,CAGHGNNNDMRF,TRAV35,TRAJ43,NonPreg_ASX,C4-356
103,CASSSQGSHTEAFF,TRBV27,TRBJ1-1,CAVTDSNYQLIW,TRAV1-2,TRAJ33,NonPreg_SEV,C4-362
103,CASSFEQASSYNEQFF,TRBV4-1,TRBJ2-1,CIDGGATNKLIF,TRAV26-2,TRAJ32,NonPreg_SEV,C4-362
103,CASSYQTGTHYGYTF,TRBV6-5,TRBJ1-2,CARNTGNQFYF,TRAV24,TRAJ49,NonPreg_SEV,C4-362
182,CASSLRWGGDEQFF,TRBV27,TRBJ2-1,CALGGGSQGNLIF,TRAV9-2,TRAJ42,NonPreg_ASX,C4-364
182,CASSLSGLETQYF,TRBV7-9,TRBJ2-5,CAVRDRQAGTALIF,TRAV1-1,TRAJ15,NonPreg_ASX,C4-364
182,CASSFGRVNQPQHF,TRBV13,TRBJ1-5,CAEPPAPGGGADGLTF,TRAV13-2,TRAJ45,NonPreg_ASX,C4-364
182,CASSRSGEETQYF,TRBV7-9,TRBJ2-5,CAVRSREAGTALIF,TRAV1-1,TRAJ15,NonPreg_ASX,C4-364
182,CASTANSAGWTDTQYF,TRBV27,TRBJ2-3,CAVPSNTGFQKLVF,TRAV1-2,TRAJ8,NonPreg_ASX,C4-364
182,CASSYRDGGLTGELFF,TRBV27,TRBJ2-2,CALIGSQGNLIF,TRAV9-2,TRAJ42,NonPreg_ASX,C4-364
182,CASSIPSGLGMNTEAFF,TRBV19,TRBJ1-1,CALKGANDYKLSF,TRAV19,TRAJ20,NonPreg_ASX,C4-364
182,CASSLMAGDTQYF,TRBV7-3,TRBJ2-3,CAFTIPMEYGNKLVF,TRAV38-1,TRAJ47,NonPreg_ASX,C4-364
182,CSARRRGVWEQFF,TRBV20-1,TRBJ2-1,CAVERNFGNEKLTF,TRAV22,TRAJ48,NonPreg_ASX,C4-364
182,CASSSRSGGDTQYF,TRBV27,TRBJ2-3,CALGGSQGNLIF,TRAV9-2,TRAJ42,NonPreg_ASX,C4-364
182,CASRGWASTDTQYF,TRBV7-9,TRBJ2-3,CAFRRPGGFDSGGGADGLTF,TRAV38-1,TRAJ45,NonPreg_ASX,C4-364
182,CASSSEILYEQYF,TRBV27,TRBJ2-7,CAVPGFGNEKLTF,TRAV20,TRAJ48,NonPreg_ASX,C4-364
182,CASTNGDFEAFF,TRBV6-3,TRBJ1-1,CAGQGGNQFYF,TRAV35,TRAJ49,NonPreg_ASX,C4-364
182,CASSYISGPSTDTQYF,TRBV13,TRBJ2-3,CILRRGVNTDKLIF,TRAV26-2,TRAJ34,NonPreg_ASX,C4-364
OB7-CTRL,CASSYVGGAGELFF,TRBV6-6,TRBJ2-2,CAMREGDSNYQLIW,TRAV14/DV4,TRAJ33,Preg_CTRL,OB7-CTRL
OB7-CTRL,CASSSEGQGLVAEAFF,TRBV5-6,TRBJ1-1,CAMREYNNNDMRF,TRAV14/DV4,TRAJ43,Preg_CTRL,OB7-CTRL
OB7-CTRL,CASSLSTGPNEQFF,TRBV27,TRBJ2-1,CAAPGTDRGSTLGRLYF,TRAV23/DV6,TRAJ18,Preg_CTRL,OB7-CTRL
OB7-CTRL,CAWINIAEETQYF,TRBV30,TRBJ2-5,CAMREVGYGGSQGNLIF,TRAV14/DV4,TRAJ42,Preg_CTRL,OB7-CTRL
OB7-CTRL,CASSLAPGATNEKLFF,TRBV7-6,TRBJ1-4,CILDNNNDMRF,TRAV26-2,TRAJ43,Preg_CTRL,OB7-CTRL
